{
  "detection_metadata": {
    "video_path": "/home/SONY/s7000043396/Downloads/demo/data/apidis/camera6_h264.mp4",
    "trigger_time": 6657,
    "detection_start": 6647,
    "detection_end": 6657,
    "detection_duration": 10,
    "processing_time": 7.37,
    "timestamp": "2026-03-12 10:05:01",
    "save_clips_enabled": true
  },
  "detection_results": {
    "total_segments_detected": 2,
    "successfully_processed": 2,
    "clips_saved": 2
  },
  "action_segments": [
    {
      "segment_id": 1,
      "action_start_time": 6653.4500000000035,
      "action_end_time": 6656.150000000005,
      "action_duration": 2.700000000001637,
      "average_probability": 0.8811917119026184,
      "detected_category": "shooting basketball",
      "clip_path": "highlights/action_6653.5s-6656.2s.mp4",
      "clip_saved": true,
      "relative_to_trigger": {
        "start_offset": -3.549999999996544,
        "end_offset": -0.8499999999949068
      }
    },
    {
      "segment_id": 2,
      "action_start_time": 6647.75,
      "action_end_time": 6651.350000000002,
      "action_duration": 3.600000000002183,
      "average_probability": 0.6794416351119678,
      "detected_category": "shooting basketball",
      "clip_path": "highlights/action_6647.8s-6651.4s.mp4",
      "clip_saved": true,
      "relative_to_trigger": {
        "start_offset": -9.25,
        "end_offset": -5.649999999997817
      }
    }
  ],
  "segment_timestamps": [
    {
      "segment_id": 1,
      "start_time": 6653.4500000000035,
      "end_time": 6656.150000000005,
      "duration": 2.700000000001637,
      "category": "shooting basketball",
      "probability": 0.8811917119026184,
      "trigger_offset_start": -3.549999999996544,
      "trigger_offset_end": -0.8499999999949068
    },
    {
      "segment_id": 2,
      "start_time": 6647.75,
      "end_time": 6651.350000000002,
      "duration": 3.600000000002183,
      "category": "shooting basketball",
      "probability": 0.6794416351119678,
      "trigger_offset_start": -9.25,
      "trigger_offset_end": -5.649999999997817
    }
  ]
}